,country,year,rgdpo,pop,emp,avh,cn,csh_c,csh_i,csh_x,csh_m
250,Albania,1990,12096.71875,3.286073,1.324078202,1746.1490000000003,59577.33203,0.856952548,0.106054932,0.042010795,-0.039518476
255,Albania,1995,13669.63086,3.112936,1.020465255,1746.1490000000003,58342.53125,0.83702904,0.076833233,0.034744028,-0.133728549
260,Albania,2000,16633.27148,3.129243,0.962967455,1746.1490000000003,63532.78906,0.667987108,0.148361713,0.038922738,-0.179369807
265,Albania,2005,20162.41602,3.08681,1.013383627,1746.1490000000003,81421.72656,0.717072308,0.30305326,0.067683108,-0.303668827
270,Albania,2010,31021.06445,2.948023,0.890818357,1746.1490000000003,157940.0781,0.665042818,0.269711465,0.08571098,-0.29264155
275,Albania,2015,33659.42188,2.890513,0.926395297,1746.1490000000003,203325.2813,0.699363887,0.224819243,0.098695129,-0.254487067
279,Albania,2019,36103.04297,2.880917,1.075897694,1746.1490000000003,223971.375,0.714311898,0.205827802,0.126593605,-0.313949287
670,Austria,1990,205574.1563,7.723949,3.560341358,1826.03,942584.0,0.586113513,0.325672895,0.37463811,-0.465004265
675,Austria,1995,250433.9375,7.990121,3.5849545,1774.44,1234466.375,0.585021675,0.350698888,0.378297269,-0.470961928
680,Austria,2000,306927.5625,8.069276,3.759931087,1798.43,1200857.375,0.579758227,0.278788924,0.414344817,-0.450148165
685,Austria,2005,357373.0313,8.25365,3.862365246,1752.49,1196751.375,0.566923022,0.262529433,0.591509461,-0.600830913
690,Austria,2010,385229.0625,8.409949,4.096951008,1665.84,1799280.875,0.575460374,0.270727992,0.575607896,-0.633838594
695,Austria,2015,430623.875,8.67866,4.278239727,1605.28,2450585.75,0.539104044,0.295809478,0.51533854,-0.566652417
699,Austria,2019,477705.5,8.955102,4.550281048,1611.37,2630129.5,0.511577547,0.312185794,0.529936731,-0.577150583
880,Belgium,1990,261314.0313,10.006544,3.86115694,1655.93,1001521.125,0.582910359,0.318685323,0.907993436,-0.975957692
885,Belgium,1995,296016.7813,10.186305,3.886936665,1578.03,1250827.875,0.573007405,0.290766865,1.002563715,-1.025397658
890,Belgium,2000,346908.875,10.282033,4.121242523,1589.1,1271484.875,0.563950539,0.266005099,0.96584183,-0.966559947
895,Belgium,2005,429270.6563,10.546886,4.300207138,1577.68,1438839.0,0.52612865,0.291785002,1.222685575,-1.202026844
900,Belgium,2010,489332.5938,10.938739,4.49962616,1573.83,2433023.5,0.528927922,0.318307668,1.192425966,-1.226376653
905,Belgium,2015,484155.0313,11.28794,4.622033596,1575.46,2843534.0,0.554329216,0.336818278,1.148282886,-1.23309648
909,Belgium,2019,517419.75,11.539328,4.921936512,1586.43,3078800.5,0.552580118,0.360463798,1.248495698,-1.362420917
1160,Bulgaria,1990,106472.7031,8.841458,4.09679985,1746.1490000000003,75428.15625,0.501451731,0.06747026,0.041396957,-0.04567099
1165,Bulgaria,1995,86818.875,8.379308,3.197725296,1710.67,76030.4375,0.517296255,0.005297343,0.091007896,-0.088047087
1170,Bulgaria,2000,79629.25,7.997957,3.03881979,1640.25,104935.2578,0.558401823,0.130386218,0.150907129,-0.202866822
1175,Bulgaria,2005,100854.5078,7.686962,3.154664278,1658.65,144678.0625,0.614719033,0.208800018,0.235810071,-0.38181743
1180,Bulgaria,2010,123621.2813,7.425008,3.253475428,1644.84,329768.0938,0.564305425,0.214068308,0.265201509,-0.378481001
1185,Bulgaria,2015,127390.25,7.199741,3.207561016,1644.39,380138.9375,0.591933429,0.190581337,0.323390841,-0.43345052
1189,Bulgaria,2019,149432.4219,7.000119,3.420418501,1645.25,433185.9063,0.585945487,0.185823798,0.334064871,-0.454821229
1440,Belarus,1990,145477.1719,10.151134,5.125820637,1746.1490000000003,642478.5,0.385573328,0.214271069,0.254405349,-0.287119478
1445,Belarus,1995,84745.26563,10.077608,4.354739189,1746.1490000000003,715611.0625,0.425117314,0.155293077,0.04289417,-0.05051773
1450,Belarus,2000,97656.96094,9.871632,4.372109413,1746.1490000000003,506728.0938,0.488452584,0.139974371,0.16612646,-0.184716135
1455,Belarus,2005,115156.7578,9.562088,4.303769588,1746.1490000000003,343420.375,0.633852065,0.192771956,0.263296127,-0.286950141
1460,Belarus,2010,177337.6563,9.420574,4.5766716,1746.1490000000003,372660.5625,0.611376107,0.22243236,0.221867695,-0.329182982
1465,Belarus,2015,186224.9531,9.439423,4.425303459,1746.1490000000003,490874.1563,0.583936751,0.163402945,0.238691196,-0.297733188
1469,Belarus,2019,204795.3438,9.452411,4.306441784,1746.1490000000003,566524.1875,0.54553622,0.162770659,0.247753918,-0.329537272
2210,Switzerland,1990,281175.2188,6.652868,3.832724094,1716.22,1231487.5,0.552918732,0.405619264,0.383507609,-0.436212629
2215,Switzerland,1995,296645.7813,6.995521,3.821544647,1720.27,1375817.5,0.555157602,0.340413779,0.438208163,-0.437943459
2220,Switzerland,2000,338564.625,7.143761,3.928282261,1712.74,1320674.5,0.5604195,0.301295102,0.472868621,-0.474326313
2225,Switzerland,2005,389669.3125,7.386816,4.043704987,1689.97,1308432.625,0.528244436,0.295132548,0.59009403,-0.542663395
2230,Switzerland,2010,505411.1563,7.808675,4.389478683,1624.35,1993188.125,0.490820795,0.287911743,0.592276394,-0.521479368
2235,Switzerland,2015,592828.6875,8.296775,4.816497326,1589.48,2532057.75,0.460032165,0.297943115,0.745625615,-0.642150342
2239,Switzerland,2019,646919.625,8.591365,5.01120472,1556.88,2815220.0,0.450471401,0.305986106,0.685595334,-0.592603862
3190,Czech Republic,1990,250625.6563,10.340875,5.414252281,1746.1490000000003,1092140.5,0.441355109,0.215666905,0.120603375,-0.136286139
3195,Czech Republic,1995,232851.0156,10.358193,5.132678032,1857.9,1416321.375,0.45621258,0.251107782,0.208183855,-0.230640322
3200,Czech Republic,2000,231523.2031,10.289373,4.886872292,1895.56,1291099.375,0.507059693,0.261927873,0.287194192,-0.306314647
3205,Czech Republic,2005,279153.0625,10.258167,4.956709862,1816.99,1350191.0,0.500919521,0.27885437,0.568677366,-0.58220154
3210,Czech Republic,2010,318896.5625,10.536518,5.098990917,1799.5,1715475.0,0.511727214,0.272849381,0.668793142,-0.706876636
3215,Czech Republic,2015,347158.625,10.601397,5.221146584,1756.16,1976402.875,0.479034752,0.299534619,0.660924852,-0.684871972
3219,Czech Republic,2019,401072.2188,10.689209,5.481432438,1787.54,2112986.75,0.476090103,0.290892303,0.665724158,-0.681533754
3260,Germany,1990,2221450.25,79.053984,39.54772949,1583.16,9037278.0,0.598698795,0.291722417,0.31357646,-0.337929398
3265,Germany,1995,2642739.75,81.138659,37.81583023,1530.57,11489487.0,0.600800991,0.274207056,0.341498524,-0.356218487
3270,Germany,2000,3035471.75,81.400882,39.60311508,1465.94,11159206.0,0.59600848,0.242487699,0.384341478,-0.367192745
3275,Germany,2005,3391866.5,81.602741,38.92366791,1432.42,11485836.0,0.555189848,0.205525205,0.552069366,-0.455513
3280,Germany,2010,3672402.0,80.827002,40.63188171,1425.75,15333157.0,0.54569757,0.214208573,0.590326667,-0.520537436
3285,Germany,2015,3931076.75,81.787411,42.53557968,1400.79,18590536.0,0.533207774,0.219240829,0.594548881,-0.515065372
3289,Germany,2019,4275312.0,83.517045,44.79519653,1386.2,19606062.0,0.536769331,0.227068081,0.603715062,-0.550977051
3470,Denmark,1990,143015.4219,5.141115,2.634172201,1440.5,587138.3125,0.521136701,0.256618261,0.459981322,-0.456707627
3475,Denmark,1995,159860.3438,5.232704,2.611678839,1419.14,691006.8125,0.528219104,0.264670759,0.5375157,-0.513545871
3480,Denmark,2000,199781.7969,5.341194,2.755956173,1465.94,682733.0,0.488035202,0.244302601,0.515336573,-0.466134191
3485,Denmark,2005,233303.5,5.421702,2.784317493,1451.36,748700.0,0.466845989,0.262269884,0.658923805,-0.58161974
3490,Denmark,2010,271409.9688,5.554844,2.7914505,1422.31,1166865.375,0.459957242,0.232717261,0.562418103,-0.506952107
3495,Denmark,2015,270172.6563,5.688695,2.831585884,1407.15,1292897.375,0.465714276,0.271658719,0.547372043,-0.544614196
3499,Denmark,2019,311838.0,5.771876,2.971836567,1380.61,1473616.125,0.446605474,0.295378715,0.523103178,-0.515128732
3820,Spain,1990,728396.125,39.202525,14.0393343,1746.53,3082660.25,0.630885541,0.30279091,0.135217115,-0.229110435
3825,Spain,1995,868225.625,39.787419,13.70997715,1738.8,4325209.5,0.609773576,0.294463009,0.170771405,-0.236134529
3830,Spain,2000,1151572.75,40.824754,16.6057415,1752.82,4550492.5,0.619265199,0.275575966,0.196965247,-0.271658331
3835,Spain,2005,1427946.25,44.019123,19.62548447,1723.72,5669476.0,0.619440377,0.315984577,0.232922405,-0.357977957
3840,Spain,2010,1622292.375,46.931015,19.4127388,1705.78,10037753.0,0.572277606,0.290811211,0.230377108,-0.315116465
3845,Spain,2015,1669676.25,46.671926,18.35293007,1694.24,10462132.0,0.559480786,0.24495481,0.257648885,-0.3027412
3849,Spain,2019,1886595.25,46.736776,19.87201309,1685.95,11333968.0,0.536944151,0.266963542,0.268881321,-0.315479487
3890,Estonia,1990,19404.12305,1.565246,0.82864213,1746.1490000000003,66532.09375,0.555746675,0.248763323,0.320754975,-0.379814744
3895,Estonia,1995,15416.99902,1.433024,0.631948471,1983.23,66647.67188,0.487980992,0.143090725,0.419127494,-0.498293221
3900,Estonia,2000,18203.15039,1.399112,0.599835336,1977.87,59505.42578,0.538589895,0.202594995,0.456656307,-0.49679032
3905,Estonia,2005,27508.76758,1.355648,0.626955569,2008.37,81680.86719,0.563236594,0.308313608,0.666507006,-0.7702353
3910,Estonia,2010,31773.45508,1.332101,0.561121166,1874.7,152235.3125,0.523393095,0.234864622,0.752468467,-0.771333873
3915,Estonia,2015,37508.92188,1.315325,0.637358785,1851.62,175450.4844,0.52436322,0.263447315,0.743641496,-0.794638813
3919,Estonia,2019,44876.34766,1.325648,0.67297554,1797.21,201315.5781,0.498721749,0.305617601,0.769579172,-0.81509316
4030,Finland,1990,137362.7969,4.996222,2.473246813,1726.42,690267.9375,0.494403839,0.370940894,0.367558569,-0.401289046
4035,Finland,1995,144156.3125,5.119005,2.063220024,1732.45,815457.1875,0.474416912,0.287818193,0.481882989,-0.38382256
4040,Finland,2000,186505.8125,5.187954,2.305018187,1704.71,761065.625,0.465355337,0.271402001,0.484374285,-0.374318123
4045,Finland,2005,213170.4063,5.258927,2.424816132,1667.04,801727.75,0.474773169,0.29520148,0.546498597,-0.491836667
4050,Finland,2010,233241.9063,5.365782,2.495830297,1637.91,1161520.625,0.52274996,0.274505675,0.458644837,-0.474394441
4055,Finland,2015,228346.4063,5.481122,2.524532795,1607.14,1195239.0,0.562275708,0.254249483,0.398972392,-0.443877935
4059,Finland,2019,248551.5469,5.532156,2.673705339,1590.69,1246925.875,0.543934762,0.265291333,0.432647675,-0.479986131
4170,France,1990,1581094.75,58.235697,23.65950394,1644.85,6432617.0,0.576672554,0.278228879,0.237281278,-0.274765432
4175,France,1995,1682645.0,59.508484,23.65852165,1601.21,7275160.5,0.575882554,0.238866299,0.280982256,-0.283878654
4180,France,2000,2128715.25,60.874357,25.62522507,1558.34,6962127.0,0.574952602,0.215671152,0.279214352,-0.277341992
4185,France,2005,2372596.75,63.092888,26.33457184,1532.08,8548550.0,0.571398497,0.247329175,0.319704384,-0.33652389
4190,France,2010,2591608.5,64.952503,26.87616158,1539.8,13083475.0,0.569894075,0.256829053,0.297336727,-0.352563798
4195,France,2015,2730343.75,66.596315,27.38507652,1519.48,15219803.0,0.554317415,0.261190802,0.27533403,-0.320882678
4199,France,2019,2946958.25,67.351247,28.53256416,1504.91,16697563.0,0.541661859,0.273326486,0.274840564,-0.327384949
4310,United Kingdom,1990,1445536.75,57.134391,26.70350075,1745.94,4052509.5,0.692082584,0.251970023,0.233548224,-0.293156296
4315,United Kingdom,1995,1626361.0,57.932453,25.66979218,1722.63,5152430.5,0.615858376,0.256562889,0.244519606,-0.281893253
4320,United Kingdom,2000,2075158.75,58.923309,27.38034821,1692.95,5987333.0,0.65668571,0.215191409,0.291065574,-0.34743616
4325,United Kingdom,2005,2377112.25,60.287954,28.67258644,1669.74,6797018.0,0.656345904,0.22357735,0.300704211,-0.377686381
4330,United Kingdom,2010,2481864.75,63.459808,29.42511749,1643.21,10976813.0,0.635589719,0.228578329,0.264535308,-0.388551593
4335,United Kingdom,2015,2807567.5,65.860146,31.5069294,1669.47,13923109.0,0.606714547,0.257623076,0.254682571,-0.3523826
4339,United Kingdom,2019,2989895.5,67.530172,32.98249817,1667.95,14146595.0,0.608676434,0.246945262,0.227445394,-0.346070737
4800,Greece,1990,181550.1563,10.225992,4.062554359,2111.62,1092081.25,0.666491508,0.293495178,0.093506724,-0.221769512
4805,Greece,1995,219416.6406,10.745503,4.256537914,2110.71,1587347.375,0.662762046,0.276657075,0.097432725,-0.225409389
4810,Greece,2000,281011.9688,11.082104,4.452402592,2107.64,1532618.125,0.663134098,0.265030801,0.090443127,-0.230512843
4815,Greece,2005,326492.3125,11.224791,4.778794289,2136.24,1558741.5,0.700350523,0.257333249,0.10011448,-0.314536244
4820,Greece,2010,324407.4375,10.887637,4.637154102,2019.57,1916699.875,0.709372044,0.221934393,0.132351428,-0.34626779
4825,Greece,2015,280679.0625,10.65975,4.030077934,2031.14,2418983.0,0.679698527,0.164766669,0.162349343,-0.312542677
4829,Greece,2019,284893.625,10.473455,4.235072613,2036.46,2300537.75,0.694118679,0.162432522,0.205809832,-0.377414972
5220,Croatia,1990,65532.15234,4.776374,2.178132296,1746.1490000000003,180160.0313,0.586685002,0.113519348,0.240349621,-0.278507531
5225,Croatia,1995,47557.91406,4.616766,1.660306573,1923.69,174699.25,0.611554682,0.137412265,0.20073846,-0.331925064
5230,Croatia,2000,59457.61328,4.428075,1.670290828,1922.09,214384.7969,0.597050548,0.179404244,0.176082015,-0.32100597
5235,Croatia,2005,79473.25,4.378058,1.761981964,1926.5,280593.9375,0.627610743,0.287325144,0.220237419,-0.473024368
5240,Croatia,2010,93659.13281,4.328165,1.814759493,1942.99,429728.3438,0.587186873,0.233560979,0.203140736,-0.379601032
5245,Croatia,2015,95440.57031,4.232874,1.699733138,1827.65,518960.4063,0.545787275,0.23503986,0.218018919,-0.416906863
5249,Croatia,2019,107392.0391,4.130304,1.817624331,1831.32,531400.6875,0.535511792,0.264994889,0.242799014,-0.473110437
5360,Hungary,1990,147425.9063,10.377137,5.126381397,1888.77,443217.7813,0.533994615,0.178230673,0.145954385,-0.11942064
5365,Hungary,1995,151671.0938,10.349302,3.951457262,1948.01,463510.2188,0.54580152,0.170561686,0.243058547,-0.261862814
5370,Hungary,2000,169189.0938,10.220507,4.120501518,1932.4,459546.375,0.569688499,0.206765905,0.408931971,-0.455630362
5375,Hungary,2005,213748.7969,10.085937,4.122547626,1834.05,573763.25,0.59602046,0.238711432,0.631055772,-0.712869048
5380,Hungary,2010,236413.0938,9.92737,3.920938253,1766.36,1004131.875,0.535440266,0.210446298,0.710357487,-0.742180765
5385,Hungary,2015,247172.9063,9.777923,4.285135269,1745.95,1231288.875,0.497520238,0.258939326,0.673032343,-0.71766609
5389,Hungary,2019,283145.1563,9.684679,4.711576939,1725.23,1359222.5,0.511578858,0.300990701,0.689729095,-0.784299314
5570,Ireland,1990,66850.16406,3.510885,1.21543324,2080.24,220680.1719,0.59389174,0.272143066,0.644983947,-0.644763947
5575,Ireland,1995,92206.91406,3.592186,1.323488355,1962.0,327445.5625,0.501307547,0.254372329,0.787268281,-0.631401539
5580,Ireland,2000,150364.5469,3.783103,1.688738585,1932.72,383262.1563,0.445862442,0.238082886,0.938887298,-0.624802709
5585,Ireland,2005,231393.4531,4.141223,1.956697941,1883.19,525758.8125,0.373450249,0.274591923,0.842649043,-0.508619905
5590,Ireland,2010,241319.5156,4.554321,1.883175969,1720.97,1015873.688,0.399653047,0.225732639,0.745571196,-0.409041733
5595,Ireland,2015,353539.0,4.652425,1.988947511,1770.58,1263069.875,0.265586048,0.342876554,0.540451169,-0.373547703
5599,Ireland,2019,501053.5938,4.882495,2.260447741,1771.98,1805561.375,0.214789078,0.56986171,0.512966752,-0.338840604
5780,Iceland,1990,8657.974609,0.255043,0.138074413,1664.4,44731.9375,0.562433481,0.274181217,0.390165597,-0.414426953
5785,Iceland,1995,8842.123047,0.267629,0.142898634,1641.37,48633.01172,0.561562061,0.240381807,0.397055894,-0.408961177
5790,Iceland,2000,11070.05957,0.280435,0.157085523,1695.38,56147.39063,0.612685084,0.322048187,0.389034301,-0.528004766
5795,Iceland,2005,13454.31152,0.294979,0.161491096,1637.21,65391.98438,0.639260411,0.465481669,0.445396066,-0.741153181
5800,Iceland,2010,13883.66797,0.320328,0.164442271,1503.05,64045.79688,0.547658503,0.151377097,0.522070825,-0.510024011
5805,Iceland,2015,15658.37012,0.330243,0.181162342,1486.41,76060.36719,0.534942806,0.237985641,0.482444346,-0.594385147
5809,Iceland,2019,17972.625,0.339031,0.192338079,1454.49,87042.46875,0.542143404,0.253658086,0.452831417,-0.595359266
5920,Italy,1990,1541241.875,57.048236,22.80319786,1856.4,6538838.0,0.595730066,0.276443511,0.190325588,-0.214417771
5925,Italy,1995,1748618.125,57.174408,22.02845383,1856.21,8978528.0,0.564945638,0.28687349,0.219532117,-0.200129077
5930,Italy,2000,2046561.75,56.692178,22.91796875,1850.2,8578751.0,0.603427708,0.251576692,0.235991478,-0.228254557
5935,Italy,2005,2123677.25,58.281212,24.63233566,1811.1,8948838.0,0.597574472,0.264230967,0.304927766,-0.309187323
5940,Italy,2010,2293011.0,59.325229,24.79245377,1776.77,12506324.0,0.619359314,0.253229141,0.28828606,-0.331858724
5945,Italy,2015,2241117.0,60.578494,24.44461441,1717.47,16248664.0,0.591936648,0.237958565,0.304893792,-0.3035025
5949,Italy,2019,2466327.5,60.550075,25.59632874,1717.83,17168478.0,0.577943027,0.249250352,0.307117254,-0.292340577
7250,Latvia,1990,44794.59375,2.664439,1.254252911,1746.1490000000003,132067.7031,0.630553424,0.225816414,0.165342718,-0.145146474
7255,Latvia,1995,24087.66016,2.50848,0.938803196,1975.91,122122.1406,0.4672167,0.093598515,0.127892032,-0.173702821
7260,Latvia,2000,28260.00977,2.384164,0.930018604,1975.79,116468.3359,0.557660878,0.173052117,0.173608467,-0.286396325
7265,Latvia,2005,37609.67969,2.251993,0.974700689,1905.51,165464.875,0.616119027,0.30466643,0.276432484,-0.505456209
7270,Latvia,2010,40952.02344,2.118861,0.851937652,1935.14,272943.2813,0.614504755,0.203048319,0.352121711,-0.502789497
7275,Latvia,2015,49375.71875,1.997674,0.897909105,1901.74,374383.1563,0.570723176,0.239692271,0.383900493,-0.522854984
7279,Latvia,2019,56079.44531,1.906743,0.896588743,1864.98,420451.1563,0.550870955,0.26207757,0.398963451,-0.555468798
7880,Malta,1990,5463.126953,0.362015,0.132750615,1746.1490000000003,13341.85059,0.674525082,0.357303023,0.447171539,-0.844827056
7885,Malta,1995,6444.413086,0.376896,0.143878788,2257.29,18584.20313,0.693417847,0.342799038,0.587514162,-0.988364041
7890,Malta,2000,10049.63184,0.393645,0.146938026,2251.18,25610.95703,0.601661503,0.27332443,0.507358491,-0.727199674
7895,Malta,2005,10343.13574,0.404653,0.150748998,2157.91,25173.12695,0.691582263,0.253800035,0.44634822,-0.804240942
7900,Malta,2010,11165.51758,0.414253,0.16280584,2110.2,41957.26172,0.658061028,0.31207183,0.515568614,-0.944778502
7905,Malta,2015,14656.38965,0.433559,0.191138163,1933.23,50681.98047,0.532202542,0.313946545,0.407757998,-0.860029399
7909,Malta,2019,17134.9082,0.440372,0.22019051,1915.42,60226.66016,0.510641336,0.253718674,0.352211505,-0.854537606
8860,Netherlands,1990,425511.375,14.965448,6.807824612,1476.19,1636162.75,0.53797555,0.259369522,0.590429366,-0.58910948
8865,Netherlands,1995,497378.5,15.467851,7.272158623,1481.56,1993048.0,0.520089507,0.244129241,0.633648574,-0.58435899
8870,Netherlands,2000,678720.5625,15.926188,8.20334816,1464.06,2037275.0,0.529904604,0.211234391,0.648508251,-0.588157892
8875,Netherlands,2005,801049.3125,16.367158,8.36416626,1433.61,2279614.0,0.496152937,0.201888293,0.825996757,-0.717831969
8880,Netherlands,2010,843381.4375,16.682917,8.814677238,1419.63,3763100.75,0.479805321,0.236798048,0.916619956,-0.862790048
8885,Netherlands,2015,875122.75,16.938499,8.807258606,1425.81,4273787.5,0.438107818,0.286048084,0.83769995,-0.765236795
8889,Netherlands,2019,950077.9375,17.09713,9.456908226,1439.73,4403760.0,0.437680364,0.263065159,0.919172823,-0.856057227
8930,Norway,1990,139160.5625,4.247285,2.06056118,1502.43,593804.5,0.417980045,0.258857876,0.552746296,-0.3834185
8935,Norway,1995,162929.0625,4.366995,2.123532057,1487.74,620796.8125,0.439999402,0.249900535,0.537871659,-0.37411958
8940,Norway,2000,253679.8281,4.499367,2.324047565,1456.47,689604.3125,0.353569508,0.186310783,0.587620676,-0.271993279
8945,Norway,2005,353368.5625,4.632364,2.32225728,1406.38,819341.0625,0.303066552,0.197901502,0.664035141,-0.27237457
8950,Norway,2010,408091.6563,4.885878,2.54492259,1395.37,1254158.75,0.335568994,0.243529767,0.607924283,-0.298732132
8955,Norway,2015,368037.3438,5.199836,2.7125175,1391.95,1548071.375,0.378944695,0.277652144,0.516143262,-0.325183839
8959,Norway,2019,396253.875,5.378857,2.853661776,1384.07,1634139.125,0.374180079,0.289723426,0.513055921,-0.333769619
9490,Poland,1990,324730.8125,37.960193,15.0829668,1746.1490000000003,1051911.125,0.542797327,0.199788839,0.091452703,-0.050243545
9495,Poland,1995,449397.4375,38.458638,14.12686062,2081.9,1129517.625,0.538890004,0.16291745,0.107107863,-0.133084521
9500,Poland,2000,582819.0625,38.556693,14.47869301,2081.7,1318911.375,0.607116163,0.201587871,0.12533164,-0.189472228
9505,Poland,2005,658130.8125,38.368949,13.98608971,2079.05,1511245.0,0.606921971,0.188188568,0.255259544,-0.304538935
9510,Poland,2010,897993.375,38.329781,15.32640839,2048.8,1996998.375,0.620936155,0.184791699,0.270404756,-0.327435583
9515,Poland,2015,1033507.813,38.034079,15.82499695,2049.01,2541927.75,0.596561968,0.185588464,0.291448981,-0.316533566
9519,Poland,2019,1211846.25,37.887768,16.15910721,2022.63,2881624.0,0.576712966,0.185026884,0.303541422,-0.328659654
9560,Portugal,1990,156697.3906,9.895364,4.467215061,1972.38,737754.25,0.613853276,0.294038862,0.207219154,-0.333497226
9565,Portugal,1995,193266.9375,10.091325,4.586215496,1897.72,1058063.0,0.638298392,0.309006274,0.220884442,-0.325710177
9570,Portugal,2000,255502.1406,10.297112,5.076171875,1920.56,1150474.5,0.655073166,0.302558869,0.20152548,-0.336412907
9575,Portugal,2005,279745.7813,10.508495,5.074203968,1898.14,1373608.375,0.681414485,0.279840201,0.250142395,-0.428453892
9580,Portugal,2010,305685.2188,10.596058,4.911687374,1893.64,2162823.25,0.664030612,0.289261371,0.246773005,-0.440311462
9585,Portugal,2015,297096.6563,10.368351,4.608299732,1878.6,2445003.0,0.644755423,0.211648628,0.288695514,-0.406412691
9589,Portugal,2019,325160.0313,10.226187,4.961589336,1864.59,2612466.25,0.631054997,0.252798796,0.306556523,-0.469065219
9840,Romania,1990,192325.6719,23.48916,10.90097141,1746.1490000000003,407959.4688,0.622044623,0.208448887,0.071256898,-0.101870082
9845,Romania,1995,193860.3906,22.964754,11.15229988,1822.65,396731.4688,0.596798718,0.12641637,0.088117927,-0.108690724
9850,Romania,2000,189927.8125,22.137419,10.89760017,1853.0,563468.125,0.5957461,0.140938655,0.13552776,-0.161282569
9855,Romania,2005,255695.6875,21.417291,9.114600182,1877.0,611567.1875,0.651882291,0.187195003,0.21352537,-0.301345021
9860,Romania,2010,378044.5938,20.471864,8.712800026,1840.67,1269982.625,0.58849901,0.244167656,0.199617058,-0.293126345
9865,Romania,2015,429855.6875,19.925175,8.535400391,1785.67,1527465.875,0.580112517,0.245272234,0.215694472,-0.292380303
9869,Romania,2019,540045.75,19.364557,8.680299759,1791.74,1702481.75,0.626303434,0.230249256,0.206364706,-0.313162267
9910,Russia,1990,2493859.5,147.531561,75.27922821,1746.1490000000003,13700153.0,0.335516423,0.417304695,0.126356587,-0.092393495
9915,Russia,1995,1542873.0,148.227466,66.7138443,1891.0,13902033.0,0.492237598,0.210276604,0.144184455,-0.095890068
9920,Russia,2000,1445962.875,146.404903,65.05939484,1982.0,10890625.0,0.45637399,0.17288591,0.191075146,-0.053420004
9925,Russia,2005,2166315.0,143.672116,68.71581268,1989.0,10544480.0,0.503058791,0.168542877,0.244568005,-0.085146166
9930,Russia,2010,3468686.25,143.479274,70.37236786,1976.0,13374047.0,0.513518929,0.155337289,0.214265972,-0.103746891
9935,Russia,2015,3666054.0,144.985057,71.73390198,1978.0,16689168.0,0.513614118,0.166039348,0.170716405,-0.079739287
9939,Russia,2019,4161194.5,145.872256,71.67063904,1965.0,17784060.0,0.507328987,0.163726017,0.178950936,-0.086547695
10470,Serbia,1990,116169.3125,9.517675,4.613946438,1746.1490000000003,377000.6875,0.740734398,0.136660397,0.037200592,-0.095060878
10475,Serbia,1995,55175.06641,9.884147,4.255744934,1746.1490000000003,351197.5938,0.741458356,0.122269444,0.020989263,-0.054552246
10480,Serbia,2000,62399.60156,7.516346,3.084795475,1746.1490000000003,345253.125,0.667979658,0.128786281,0.018713433,-0.04751578
10485,Serbia,2005,81170.1875,7.440769,2.734195471,1746.1490000000003,375485.1563,0.664759457,0.202443048,0.113971367,-0.271659195
10490,Serbia,2010,108497.6563,7.291436,2.399261951,1746.1490000000003,538484.875,0.655317783,0.159157857,0.150879934,-0.281995833
10495,Serbia,2015,109324.25,7.095383,2.566932678,1746.1490000000003,477516.7813,0.63046664,0.153962731,0.197840989,-0.312884748
10499,Serbia,2019,120447.6719,6.99451,2.905190468,1746.1490000000003,531527.1875,0.611390173,0.210435763,0.2523534,-0.392902136
10680,Slovakia,1990,104279.2031,5.288454,2.44972229,1827.65,338842.5625,0.549904883,0.240305483,0.050904211,-0.09357167
10685,Slovakia,1995,84714.72656,5.37547,2.127164364,1853.05,369440.0625,0.531737804,0.176300585,0.208580136,-0.205187947
10690,Slovakia,2000,89552.70313,5.399211,2.042890549,1815.61,302539.0313,0.535199523,0.186234146,0.309852839,-0.346345544
10695,Slovakia,2005,111117.8203,5.398963,2.113666534,1769.49,331894.375,0.576736331,0.253450751,0.541806996,-0.648538828
10700,Slovakia,2010,146741.875,5.404294,2.190112591,1805.15,484717.9063,0.591668725,0.227308288,0.681740582,-0.786779761
10705,Slovakia,2015,150161.8281,5.435611,2.287825584,1754.09,631306.5,0.569595933,0.265204281,0.753358841,-0.866208136
10709,Slovakia,2019,149921.4375,5.457013,2.468860865,1694.94,693621.875,0.583525658,0.290354639,0.853421867,-1.025321007
10750,Slovenia,1990,40194.34766,2.006405,1.12925303,1746.1490000000003,173961.2031,0.568788588,0.202020392,0.569708407,-0.581169307
10755,Slovenia,1995,42178.79688,1.991131,0.926256061,1755.7,190923.0313,0.60210979,0.248855665,0.365750432,-0.446923912
10760,Slovenia,2000,47351.51172,1.987717,0.917375922,1710.07,220440.9688,0.578695714,0.307538152,0.400031596,-0.490801752
10765,Slovenia,2005,56365.34375,1.994976,0.930541456,1696.55,262648.0938,0.558335245,0.345636964,0.593671739,-0.714146197
10770,Slovenia,2010,60950.05469,2.043337,0.964307606,1680.33,323130.5,0.590230465,0.271989793,0.636901021,-0.766694963
10775,Slovenia,2015,61784.96094,2.071199,0.950674415,1687.31,418514.0938,0.555433691,0.249611303,0.67073077,-0.762531698
10779,Slovenia,2019,70868.51563,2.078654,1.046805859,1592.93,453203.3438,0.55306375,0.281533003,0.787163973,-0.93897897
10820,Sweden,1990,259599.2344,8.567384,4.603871346,1558.67,1113819.75,0.510129511,0.338629544,0.405837059,-0.421201378
10825,Sweden,1995,281409.8125,8.83642,4.133455276,1638.93,1380502.0,0.494808912,0.286624163,0.460992754,-0.416968405
10830,Sweden,2000,353287.3438,8.88164,4.305336952,1643.44,1266196.0,0.49317041,0.252561003,0.493757516,-0.418244183
10835,Sweden,2005,387039.9688,9.038623,4.346067905,1605.51,1143874.5,0.486383557,0.234239429,0.603649735,-0.525871694
10840,Sweden,2010,434925.3125,9.390168,4.494977474,1640.51,1799197.625,0.508404851,0.261178434,0.556429207,-0.563770175
10845,Sweden,2015,489265.2188,9.76495,4.79061079,1620.93,2163540.75,0.480376363,0.282693982,0.43495059,-0.479151189
10849,Sweden,2019,526240.8125,10.036379,5.002136707,1605.28,2380619.25,0.466308206,0.292646885,0.444346488,-0.499285847
11730,Turkey,1990,617188.0,53.92176,17.73916817,1866.0,1562965.0,0.566846907,0.236171514,0.04472154,-0.074684478
11735,Turkey,1995,692754.8125,58.486456,19.40966034,1876.0,1558471.25,0.614760697,0.194183454,0.062510453,-0.097484514
11740,Turkey,2000,828606.0,63.240194,20.09259605,1937.0,2029505.25,0.606465459,0.206292734,0.076877885,-0.136473551
11745,Turkey,2005,971373.875,67.903469,20.06698608,1936.0,1987330.25,0.598639011,0.248846933,0.142767072,-0.220666438
11750,Turkey,2010,1430262.375,72.326988,22.58151817,1877.0,4660637.5,0.549775779,0.281656832,0.125627533,-0.206953302
11755,Turkey,2015,2022862.5,78.529409,26.61999893,1832.0,8296089.5,0.50911808,0.322724223,0.111479335,-0.167399704
11759,Turkey,2019,2248225.75,83.429615,28.08733368,1832.0,9685274.0,0.489421278,0.267736018,0.119962759,-0.147055224
12010,Ukraine,1990,614836.375,51.463105,25.06768036,1746.1490000000003,2893033.25,0.410112739,0.338790894,0.062841266,-0.062740363
12015,Ukraine,1995,301517.3125,50.903785,23.70498085,1746.1490000000003,2958491.25,0.470517427,0.12604478,0.057392217,-0.045230426
12020,Ukraine,2000,237864.6094,48.838065,19.88604546,1746.1490000000003,2552386.5,0.553293169,0.126031846,0.144928798,-0.134890497
12025,Ukraine,2005,375065.5,46.890772,20.40848541,1746.1490000000003,2273000.5,0.678567171,0.150337681,0.175576299,-0.186343282
12030,Ukraine,2010,440252.1563,45.79209,20.25287819,1746.1490000000003,2211308.0,0.664060533,0.108540237,0.186319008,-0.229065031
12035,Ukraine,2015,466740.0625,44.921639,16.5871067,1746.1490000000003,4445436.0,0.604149759,0.090140976,0.134082988,-0.139309585
12039,Ukraine,2019,578290.5,43.993638,16.49907684,1746.1490000000003,6535627.0,0.644882441,0.092689879,0.132176116,-0.167310372
